Pre,Rec,FM
0.9422295897223374,0.6995692307692307,0.8029666254635351
